{
  "total_unblended_cost": 39029617.51113533,
  "total_blended_cost": 39219170.44794067,
  "total_difference": 189552.93680533767,
  "percent_difference": 0.4856643464447412,
  "accounts_with_savings": 0,
  "accounts_paying_more": 2
}