{
  "total_cost": 37064476.73721494,
  "cost_with_benefits": 10879904.931100857,
  "cost_without_benefits": 26184571.806114078,
  "estimated_benefit_amount": -2719976.232775214,
  "effective_cost": 34344500.50443973,
  "percent_discount": -7.338498940804407,
  "subscriptions_with_benefits": 16
}