{
  "total_cost": 25753997.56745714,
  "total_credits": -1541506.2536410338,
  "total_effective_cost": 24212491.313816097,
  "percent_discount": -5.985502831563856,
  "projects_with_discounts": 13
}